{
    "best_threshold": 0.7499999999999999,
    "f1_score": 0.705,
    "classification_report": {
        "0": {
            "precision": 0.9390862944162437,
            "recall": 0.9736842105263158,
            "f1-score": 0.9560723514211886,
            "support": 570.0
        },
        "1": {
            "precision": 0.8026315789473685,
            "recall": 0.6288659793814433,
            "f1-score": 0.7052023121387283,
            "support": 97.0
        },
        "accuracy": 0.9235382308845578,
        "macro avg": {
            "precision": 0.870858936681806,
            "recall": 0.8012750949538796,
            "f1-score": 0.8306373317799585,
            "support": 667.0
        },
        "weighted avg": {
            "precision": 0.9192420554350129,
            "recall": 0.9235382308845578,
            "f1-score": 0.9195890023801111,
            "support": 667.0
        }
    }
}